Word,Negative,Positive
ABANDON,2009,0
ABANDONED,2009,0
ABANDONING,2009,0
ABANDONMENT,2009,0
ABANDONMENTS,2009,0
ABANDONS,2009,0
ABDICATED,2009,0
ABDICATES,2009,0
ABDICATING,2009,0
ABDICATION,2009,0
ABDICATIONS,2009,0
ABERRANT,2009,0
ABERRATION,2009,0
ABERRATIONAL,2009,0
ABERRATIONS,2009,0
ABETTING,2009,0
ABLE,0,2009
ABNORMAL,2009,0
ABNORMALITIES,2009,0
ABNORMALITY,2009,0
ABNORMALLY,2009,0
ABOLISH,2009,0
ABOLISHED,2009,0
ABOLISHES,2009,0
ABOLISHING,2009,0
ABROGATE,2009,0
ABROGATED,2009,0
ABROGATES,2009,0
ABROGATING,2009,0
ABROGATION,2009,0
ABROGATIONS,2009,0
ABRUPT,2009,0
ABRUPTLY,2009,0
ABRUPTNESS,2009,0
ABSENCE,2009,0
ABSENCES,2009,0
ABSENTEEISM,2009,0
ABUNDANCE,0,2009
ABUNDANT,0,2009
ABUSE,2009,0
ABUSED,2009,0
ABUSES,2009,0
ABUSING,2009,0
ABUSIVE,2009,0
ABUSIVELY,2009,0
ABUSIVENESS,2009,0
ACCIDENT,2009,0
ACCIDENTAL,2009,0
ACCIDENTALLY,2009,0
ACCIDENTS,2009,0
ACCLAIMED,0,2009
ACCOMPLISH,0,2009
ACCOMPLISHED,0,2009
ACCOMPLISHES,0,2009
ACCOMPLISHING,0,2009
ACCOMPLISHMENT,0,2009
ACCOMPLISHMENTS,0,2009
ACCUSATION,2009,0
ACCUSATIONS,2009,0
ACCUSE,2009,0
ACCUSED,2009,0
ACCUSES,2009,0
ACCUSING,2009,0
ACHIEVE,0,2009
ACHIEVED,0,2009
ACHIEVEMENT,0,2009
ACHIEVEMENTS,0,2009
ACHIEVES,0,2009
ACHIEVING,0,2009
ACQUIESCE,2009,0
ACQUIESCED,2009,0
ACQUIESCES,2009,0
ACQUIESCING,2009,0
ACQUIT,2009,0
ACQUITS,2009,0
ACQUITTAL,2009,0
ACQUITTALS,2009,0
ACQUITTED,2009,0
ACQUITTING,2009,0
ADEQUATELY,0,2009
ADULTERATE,2009,0
ADULTERATED,2009,0
ADULTERATING,2009,0
ADULTERATION,2009,0
ADULTERATIONS,2009,0
ADVANCEMENT,0,2009
ADVANCEMENTS,0,2009
ADVANCES,0,2009
ADVANCING,0,2009
ADVANTAGE,0,2009
ADVANTAGED,0,2009
ADVANTAGEOUS,0,2009
ADVANTAGEOUSLY,0,2009
ADVANTAGES,0,2009
ADVERSARIAL,2009,0
ADVERSARIES,2009,0
ADVERSARY,2009,0
ADVERSE,2009,0
ADVERSELY,2009,0
ADVERSITIES,2009,0
ADVERSITY,2009,0
AFTERMATH,2009,0
AFTERMATHS,2009,0
AGAINST,2009,0
AGGRAVATE,2009,0
AGGRAVATED,2009,0
AGGRAVATES,2009,0
AGGRAVATING,2009,0
AGGRAVATION,2009,0
AGGRAVATIONS,2009,0
ALERTED,2009,0
ALERTING,2009,0
ALIENATE,2009,0
ALIENATED,2009,0
ALIENATES,2009,0
ALIENATING,2009,0
ALIENATION,2009,0
ALIENATIONS,2009,0
ALLEGATION,2009,0
ALLEGATIONS,2009,0
ALLEGE,2009,0
ALLEGED,2009,0
ALLEGEDLY,2009,0
ALLEGES,2009,0
ALLEGING,2009,0
ALLIANCE,0,2009
ALLIANCES,0,2009
ANNOY,2009,0
ANNOYANCE,2009,0
ANNOYANCES,2009,0
ANNOYED,2009,0
ANNOYING,2009,0
ANNOYS,2009,0
ANNUL,2009,0
ANNULLED,2009,0
ANNULLING,2009,0
ANNULMENT,2009,0
ANNULMENTS,2009,0
ANNULS,2009,0
ANOMALIES,2009,0
ANOMALOUS,2009,0
ANOMALOUSLY,2009,0
ANOMALY,2009,0
ANTICOMPETITIVE,2009,0
ANTITRUST,2009,0
ARGUE,2009,0
ARGUED,2009,0
ARGUING,2009,0
ARGUMENT,2009,0
ARGUMENTATIVE,2009,0
ARGUMENTS,2009,0
ARREARAGE,2009,0
ARREARAGES,2009,0
ARREARS,2009,0
ARREST,2009,0
ARRESTED,2009,0
ARRESTS,2009,0
ARTIFICIALLY,2009,0
ASSAULT,2009,0
ASSAULTED,2009,0
ASSAULTING,2009,0
ASSAULTS,2009,0
ASSERTIONS,2009,0
ASSURE,0,2009
ASSURED,0,2009
ASSURES,0,2009
ASSURING,0,2009
ATTAIN,0,2009
ATTAINED,0,2009
ATTAINING,0,2009
ATTAINMENT,0,2009
ATTAINMENTS,0,2009
ATTAINS,0,2009
ATTRACTIVE,0,2009
ATTRACTIVENESS,0,2009
ATTRITION,2009,0
AVERSELY,2011,0
BACKDATING,2009,0
BAD,2009,0
BAIL,2009,0
BAILOUT,2009,0
BALK,2009,0
BALKED,2009,0
BANKRUPT,2009,0
BANKRUPTCIES,2009,0
BANKRUPTCY,2009,0
BANKRUPTED,2009,0
BANKRUPTING,2009,0
BANKRUPTS,2009,0
BANS,2009,0
BARRED,2009,0
BARRIER,2009,0
BARRIERS,2009,0
BEAUTIFUL,0,2009
BEAUTIFULLY,0,2009
BENEFICIAL,0,2009
BENEFICIALLY,0,2009
BENEFIT,0,2009
BENEFITED,0,2009
BENEFITING,0,2009
BENEFITTED,0,2009
BENEFITTING,0,2009
BEST,0,2012
BETTER,0,2009
BOLSTERED,0,2009
BOLSTERING,0,2009
BOLSTERS,0,2009
BOOM,0,2009
BOOMING,0,2009
BOOST,0,2009
BOOSTED,0,2009
BOTTLENECK,2009,0
BOTTLENECKS,2009,0
BOYCOTT,2009,0
BOYCOTTED,2009,0
BOYCOTTING,2009,0
BOYCOTTS,2009,0
BREACH,2009,0
BREACHED,2009,0
BREACHES,2009,0
BREACHING,2009,0
BREAK,2009,0
BREAKAGE,2009,0
BREAKAGES,2009,0
BREAKDOWN,2009,0
BREAKDOWNS,2009,0
BREAKING,2009,0
BREAKS,2009,0
BREAKTHROUGH,0,2009
BREAKTHROUGHS,0,2009
BRIBE,2009,0
BRIBED,2009,0
BRIBERIES,2009,0
BRIBERY,2009,0
BRIBES,2009,0
BRIBING,2009,0
BRIDGE,2009,0
BRILLIANT,0,2009
BROKEN,2009,0
BURDEN,2009,0
BURDENED,2009,0
BURDENING,2009,0
BURDENS,2009,0
BURDENSOME,2009,0
BURNED,2009,0
CALAMITIES,2009,0
CALAMITOUS,2009,0
CALAMITY,2009,0
CANCEL,2009,0
CANCELED,2009,0
CANCELING,2009,0
CANCELLATION,2009,0
CANCELLATIONS,2009,0
CANCELLED,2009,0
CANCELLING,2009,0
CANCELS,2009,0
CARELESS,2009,0
CARELESSLY,2009,0
CARELESSNESS,2009,0
CATASTROPHE,2009,0
CATASTROPHES,2009,0
CATASTROPHIC,2009,0
CATASTROPHICALLY,2009,0
CAUTION,2009,0
CAUTIONARY,2009,0
CAUTIONED,2009,0
CAUTIONING,2009,0
CAUTIONS,2009,0
CEASE,2009,0
CEASED,2009,0
CEASES,2009,0
CEASING,2009,0
CENSURE,2009,0
CENSURED,2009,0
CENSURES,2009,0
CENSURING,2009,0
CHALLENGE,2009,0
CHALLENGED,2009,0
CHALLENGES,2009,0
CHALLENGING,2009,0
CHARGEOFFS,2009,0
CHARITABLE,0,2009
CIRCUMVENT,2009,0
CIRCUMVENTED,2009,0
CIRCUMVENTING,2009,0
CIRCUMVENTION,2009,0
CIRCUMVENTIONS,2009,0
CIRCUMVENTS,2009,0
CLAIMING,2009,0
CLAIMS,2009,0
CLAWBACK,2009,0
CLOSED,2009,0
CLOSEOUT,2009,0
CLOSEOUTS,2009,0
CLOSING,2009,0
CLOSINGS,2009,0
CLOSURE,2009,0
CLOSURES,2009,0
COERCE,2009,0
COERCED,2009,0
COERCES,2009,0
COERCING,2009,0
COERCION,2009,0
COERCIVE,2009,0
COLLABORATE,0,2009
COLLABORATED,0,2009
COLLABORATES,0,2009
COLLABORATING,0,2009
COLLABORATION,0,2009
COLLABORATIONS,0,2009
COLLABORATIVE,0,2009
COLLABORATOR,0,2009
COLLABORATORS,0,2009
COLLAPSE,2009,0
COLLAPSED,2009,0
COLLAPSES,2009,0
COLLAPSING,2009,0
COLLISION,2009,0
COLLISIONS,2009,0
COLLUDE,2009,0
COLLUDED,2009,0
COLLUDES,2009,0
COLLUDING,2009,0
COLLUSION,2009,0
COLLUSIONS,2009,0
COLLUSIVE,2009,0
COMPLAIN,2009,0
COMPLAINED,2009,0
COMPLAINING,2009,0
COMPLAINS,2009,0
COMPLAINT,2009,0
COMPLAINTS,2009,0
COMPLICATE,2009,0
COMPLICATED,2009,0
COMPLICATES,2009,0
COMPLICATING,2009,0
COMPLICATION,2009,0
COMPLICATIONS,2009,0
COMPLIMENT,0,2009
COMPLIMENTARY,0,2009
COMPLIMENTED,0,2009
COMPLIMENTING,0,2009
COMPLIMENTS,0,2009
COMPULSION,2009,0
CONCEALED,2009,0
CONCEALING,2009,0
CONCEDE,2009,0
CONCEDED,2009,0
CONCEDES,2009,0
CONCEDING,2009,0
CONCERN,2009,0
CONCERNED,2009,0
CONCERNS,2009,0
CONCILIATING,2009,0
CONCILIATION,2009,0
CONCILIATIONS,2009,0
CONCLUSIVE,0,2009
CONCLUSIVELY,0,2009
CONDEMN,2009,0
CONDEMNATION,2009,0
CONDEMNATIONS,2009,0
CONDEMNED,2009,0
CONDEMNING,2009,0
CONDEMNS,2009,0
CONDONE,2009,0
CONDONED,2009,0
CONDUCIVE,0,2009
CONFESS,2009,0
CONFESSED,2009,0
CONFESSES,2009,0
CONFESSING,2009,0
CONFESSION,2009,0
CONFIDENT,0,2009
CONFINE,2009,0
CONFINED,2009,0
CONFINEMENT,2009,0
CONFINEMENTS,2009,0
CONFINES,2009,0
CONFINING,2009,0
CONFISCATE,2009,0
CONFISCATED,2009,0
CONFISCATES,2009,0
CONFISCATING,2009,0
CONFISCATION,2009,0
CONFISCATIONS,2009,0
CONFLICT,2009,0
CONFLICTED,2009,0
CONFLICTING,2009,0
CONFLICTS,2009,0
CONFRONT,2009,0
CONFRONTATION,2009,0
CONFRONTATIONAL,2009,0
CONFRONTATIONS,2009,0
CONFRONTED,2009,0
CONFRONTING,2009,0
CONFRONTS,2009,0
CONFUSE,2009,0
CONFUSED,2009,0
CONFUSES,2009,0
CONFUSING,2009,0
CONFUSINGLY,2009,0
CONFUSION,2009,0
CONSPIRACIES,2009,0
CONSPIRACY,2009,0
CONSPIRATOR,2009,0
CONSPIRATORIAL,2009,0
CONSPIRATORS,2009,0
CONSPIRE,2009,0
CONSPIRED,2009,0
CONSPIRES,2009,0
CONSPIRING,2009,0
CONSTRUCTIVE,0,2009
CONSTRUCTIVELY,0,2009
CONTEMPT,2009,0
CONTEND,2009,0
CONTENDED,2009,0
CONTENDING,2009,0
CONTENDS,2009,0
CONTENTION,2009,0
CONTENTIONS,2009,0
CONTENTIOUS,2009,0
CONTENTIOUSLY,2009,0
CONTESTED,2009,0
CONTESTING,2009,0
CONTRACTION,2009,0
CONTRACTIONS,2009,0
CONTRADICT,2009,0
CONTRADICTED,2009,0
CONTRADICTING,2009,0
CONTRADICTION,2009,0
CONTRADICTIONS,2009,0
CONTRADICTORY,2009,0
CONTRADICTS,2009,0
CONTRARY,2009,0
CONTROVERSIAL,2009,0
CONTROVERSIES,2009,0
CONTROVERSY,2009,0
CONVICT,2009,0
CONVICTED,2009,0
CONVICTING,2009,0
CONVICTION,2009,0
CONVICTIONS,2009,0
CORRECTED,2009,0
CORRECTING,2009,0
CORRECTION,2009,0
CORRECTIONS,2009,0
CORRECTS,2009,0
CORRUPT,2009,0
CORRUPTED,2009,0
CORRUPTING,2009,0
CORRUPTION,2009,0
CORRUPTIONS,2009,0
CORRUPTLY,2009,0
CORRUPTNESS,2009,0
COSTLY,2009,0
COUNTERCLAIM,2009,0
COUNTERCLAIMED,2009,0
COUNTERCLAIMING,2009,0
COUNTERCLAIMS,2009,0
COUNTERFEIT,2009,0
COUNTERFEITED,2009,0
COUNTERFEITER,2009,0
COUNTERFEITERS,2009,0
COUNTERFEITING,2009,0
COUNTERFEITS,2009,0
COUNTERMEASURE,2009,0
COUNTERMEASURES,2009,0
COURTEOUS,0,2009
CREATIVE,0,2009
CREATIVELY,0,2009
CREATIVENESS,0,2009
CREATIVITY,0,2009
CRIME,2009,0
CRIMES,2009,0
CRIMINAL,2009,0
CRIMINALLY,2009,0
CRIMINALS,2009,0
CRISES,2009,0
CRISIS,2009,0
CRITICAL,2009,0
CRITICALLY,2009,0
CRITICISM,2009,0
CRITICISMS,2009,0
CRITICIZE,2009,0
CRITICIZED,2009,0
CRITICIZES,2009,0
CRITICIZING,2009,0
CRUCIAL,2009,0
CRUCIALLY,2009,0
CULPABILITY,2009,0
CULPABLE,2009,0
CULPABLY,2009,0
CUMBERSOME,2009,0
CURTAIL,2009,0
CURTAILED,2009,0
CURTAILING,2009,0
CURTAILMENT,2009,0
CURTAILMENTS,2009,0
CURTAILS,2009,0
CUT,2009,0
CUTBACK,2009,0
CUTBACKS,2009,0
CYBERATTACK,2014,0
CYBERATTACKS,2014,0
CYBERBULLYING,2014,0
CYBERCRIME,2014,0
CYBERCRIMES,2014,0
CYBERCRIMINAL,2014,0
CYBERCRIMINALS,2014,0
DAMAGE,2009,0
DAMAGED,2009,0
DAMAGES,2009,0
DAMAGING,2009,0
DAMPEN,2009,0
DAMPENED,2009,0
DANGER,2009,0
DANGEROUS,2009,0
DANGEROUSLY,2009,0
DANGERS,2009,0
DEADLOCK,2009,0
DEADLOCKED,2009,0
DEADLOCKING,2009,0
DEADLOCKS,2009,0
DEADWEIGHT,2009,0
DEADWEIGHTS,2009,0
DEBARMENT,2009,0
DEBARMENTS,2009,0
DEBARRED,2009,0
DECEASED,2009,0
DECEIT,2009,0
DECEITFUL,2009,0
DECEITFULNESS,2009,0
DECEIVE,2009,0
DECEIVED,2009,0
DECEIVES,2009,0
DECEIVING,2009,0
DECEPTION,2009,0
DECEPTIONS,2009,0
DECEPTIVE,2009,0
DECEPTIVELY,2009,0
DECLINE,2009,0
DECLINED,2009,0
DECLINES,2009,0
DECLINING,2009,0
DEFACE,2009,0
DEFACED,2009,0
DEFACEMENT,2009,0
DEFAMATION,2009,0
DEFAMATIONS,2009,0
DEFAMATORY,2009,0
DEFAME,2009,0
DEFAMED,2009,0
DEFAMES,2009,0
DEFAMING,2009,0
DEFAULT,2009,0
DEFAULTED,2009,0
DEFAULTING,2009,0
DEFAULTS,2009,0
DEFEAT,2009,0
DEFEATED,2009,0
DEFEATING,2009,0
DEFEATS,2009,0
DEFECT,2009,0
DEFECTIVE,2009,0
DEFECTS,2009,0
DEFEND,2009,0
DEFENDANT,2009,0
DEFENDANTS,2009,0
DEFENDED,2009,0
DEFENDING,2009,0
DEFENDS,2009,0
DEFENSIVE,2009,0
DEFER,2009,0
DEFICIENCIES,2009,0
DEFICIENCY,2009,0
DEFICIENT,2009,0
DEFICIT,2009,0
DEFICITS,2009,0
DEFRAUD,2009,0
DEFRAUDED,2009,0
DEFRAUDING,2009,0
DEFRAUDS,2009,0
DEFUNCT,2009,0
DEGRADATION,2009,0
DEGRADATIONS,2009,0
DEGRADE,2009,0
DEGRADED,2009,0
DEGRADES,2009,0
DEGRADING,2009,0
DELAY,2009,0
DELAYED,2009,0
DELAYING,2009,0
DELAYS,2009,0
DELETERIOUS,2009,0
DELIBERATE,2009,0
DELIBERATED,2009,0
DELIBERATELY,2009,0
DELIGHT,0,2009
DELIGHTED,0,2009
DELIGHTFUL,0,2009
DELIGHTFULLY,0,2009
DELIGHTING,0,2009
DELIGHTS,0,2009
DELINQUENCIES,2009,0
DELINQUENCY,2009,0
DELINQUENT,2009,0
DELINQUENTLY,2009,0
DELINQUENTS,2009,0
DELIST,2009,0
DELISTED,2009,0
DELISTING,2009,0
DELISTS,2011,0
DEMISE,2009,0
DEMISED,2009,0
DEMISES,2009,0
DEMISING,2009,0
DEMOLISH,2009,0
DEMOLISHED,2009,0
DEMOLISHES,2009,0
DEMOLISHING,2009,0
DEMOLITION,2009,0
DEMOLITIONS,2009,0
DEMOTE,2009,0
DEMOTED,2009,0
DEMOTES,2009,0
DEMOTING,2009,0
DEMOTION,2009,0
DEMOTIONS,2009,0
DENIAL,2009,0
DENIALS,2009,0
DENIED,2009,0
DENIES,2009,0
DENIGRATE,2009,0
DENIGRATED,2009,0
DENIGRATES,2009,0
DENIGRATING,2009,0
DENIGRATION,2009,0
DENY,2009,0
DENYING,2009,0
DEPENDABILITY,0,2009
DEPENDABLE,0,2009
DEPLETE,2009,0
DEPLETED,2009,0
DEPLETES,2009,0
DEPLETING,2009,0
DEPLETION,2009,0
DEPLETIONS,2009,0
DEPRECATION,2009,0
DEPRESS,2009,0
DEPRESSED,2009,0
DEPRESSES,2009,0
DEPRESSING,2009,0
DEPRIVATION,2009,0
DEPRIVE,2009,0
DEPRIVED,2009,0
DEPRIVES,2009,0
DEPRIVING,2009,0
DERELICT,2009,0
DERELICTION,2009,0
DEROGATORY,2009,0
DESIRABLE,0,2009
DESIRED,0,2009
DESPITE,0,2009
DESTABILIZATION,2009,0
DESTABILIZE,2009,0
DESTABILIZED,2009,0
DESTABILIZING,2009,0
DESTINED,0,2009
DESTROY,2009,0
DESTROYED,2009,0
DESTROYING,2009,0
DESTROYS,2009,0
DESTRUCTION,2009,0
DESTRUCTIVE,2009,0
DETAIN,2009,0
DETAINED,2009,0
DETENTION,2009,0
DETENTIONS,2009,0
DETER,2009,0
DETERIORATE,2009,0
DETERIORATED,2009,0
DETERIORATES,2009,0
DETERIORATING,2009,0
DETERIORATION,2009,0
DETERIORATIONS,2009,0
DETERRED,2009,0
DETERRENCE,2009,0
DETERRENCES,2009,0
DETERRENT,2009,0
DETERRENTS,2009,0
DETERRING,2009,0
DETERS,2009,0
DETRACT,2009,0
DETRACTED,2009,0
DETRACTING,2009,0
DETRIMENT,2009,0
DETRIMENTAL,2009,0
DETRIMENTALLY,2009,0
DETRIMENTS,2009,0
DEVALUE,2009,0
DEVALUED,2009,0
DEVALUES,2009,0
DEVALUING,2009,0
DEVASTATE,2009,0
DEVASTATED,2009,0
DEVASTATING,2009,0
DEVASTATION,2009,0
DEVIATE,2009,0
DEVIATED,2009,0
DEVIATES,2009,0
DEVIATING,2009,0
DEVIATION,2009,0
DEVIATIONS,2009,0
DEVOLVE,2009,0
DEVOLVED,2009,0
DEVOLVES,2009,0
DEVOLVING,2009,0
DIFFICULT,2009,0
DIFFICULTIES,2009,0
DIFFICULTLY,2009,0
DIFFICULTY,2009,0
DILIGENT,0,2009
DILIGENTLY,0,2009
DIMINISH,2009,0
DIMINISHED,2009,0
DIMINISHES,2009,0
DIMINISHING,2009,0
DIMINUTION,2009,0
DISADVANTAGE,2009,0
DISADVANTAGED,2009,0
DISADVANTAGEOUS,2009,0
DISADVANTAGES,2009,0
DISAFFILIATION,2009,0
DISAGREE,2009,0
DISAGREEABLE,2009,0
DISAGREED,2009,0
DISAGREEING,2009,0
DISAGREEMENT,2009,0
DISAGREEMENTS,2009,0
DISAGREES,2009,0
DISALLOW,2009,0
DISALLOWANCE,2009,0
DISALLOWANCES,2009,0
DISALLOWED,2009,0
DISALLOWING,2009,0
DISALLOWS,2009,0
DISAPPEAR,2009,0
DISAPPEARANCE,2009,0
DISAPPEARANCES,2009,0
DISAPPEARED,2009,0
DISAPPEARING,2009,0
DISAPPEARS,2009,0
DISAPPOINT,2009,0
DISAPPOINTED,2009,0
DISAPPOINTING,2009,0
DISAPPOINTINGLY,2009,0
DISAPPOINTMENT,2009,0
DISAPPOINTMENTS,2009,0
DISAPPOINTS,2009,0
DISAPPROVAL,2009,0
DISAPPROVALS,2009,0
DISAPPROVE,2009,0
DISAPPROVED,2009,0
DISAPPROVES,2009,0
DISAPPROVING,2009,0
DISASSOCIATES,2009,0
DISASSOCIATING,2009,0
DISASSOCIATION,2009,0
DISASSOCIATIONS,2009,0
DISASTER,2009,0
DISASTERS,2009,0
DISASTROUS,2009,0
DISASTROUSLY,2009,0
DISAVOW,2009,0
DISAVOWAL,2009,0
DISAVOWED,2009,0
DISAVOWING,2009,0
DISAVOWS,2009,0
DISCIPLINARY,2009,0
DISCLAIM,2009,0
DISCLAIMED,2009,0
DISCLAIMER,2009,0
DISCLAIMERS,2009,0
DISCLAIMING,2009,0
DISCLAIMS,2009,0
DISCLOSE,2009,0
DISCLOSED,2009,0
DISCLOSES,2009,0
DISCLOSING,2009,0
DISCONTINUANCE,2009,0
DISCONTINUANCES,2009,0
DISCONTINUATION,2009,0
DISCONTINUATIONS,2009,0
DISCONTINUE,2009,0
DISCONTINUED,2009,0
DISCONTINUES,2009,0
DISCONTINUING,2009,0
DISCOURAGE,2009,0
DISCOURAGED,2009,0
DISCOURAGES,2009,0
DISCOURAGING,2009,0
DISCREDIT,2009,0
DISCREDITED,2009,0
DISCREDITING,2009,0
DISCREDITS,2009,0
DISCREPANCIES,2009,0
DISCREPANCY,2009,0
DISFAVOR,2009,0
DISFAVORED,2009,0
DISFAVORING,2009,0
DISFAVORS,2009,0
DISGORGE,2009,0
DISGORGED,2009,0
DISGORGEMENT,2009,0
DISGORGEMENTS,2009,0
DISGORGES,2009,0
DISGORGING,2009,0
DISGRACE,2009,0
DISGRACEFUL,2009,0
DISGRACEFULLY,2009,0
DISHONEST,2009,0
DISHONESTLY,2009,0
DISHONESTY,2009,0
DISHONOR,2009,0
DISHONORABLE,2009,0
DISHONORABLY,2009,0
DISHONORED,2009,0
DISHONORING,2009,0
DISHONORS,2009,0
DISINCENTIVES,2009,0
DISINTERESTED,2009,0
DISINTERESTEDLY,2009,0
DISINTERESTEDNESS,2009,0
DISLOYAL,2009,0
DISLOYALLY,2009,0
DISLOYALTY,2009,0
DISMAL,2009,0
DISMALLY,2009,0
DISMISS,2009,0
DISMISSAL,2009,0
DISMISSALS,2009,0
DISMISSED,2009,0
DISMISSES,2009,0
DISMISSING,2009,0
DISORDERLY,2009,0
DISPARAGE,2009,0
DISPARAGED,2009,0
DISPARAGEMENT,2009,0
DISPARAGEMENTS,2009,0
DISPARAGES,2009,0
DISPARAGING,2009,0
DISPARAGINGLY,2009,0
DISPARITIES,2009,0
DISPARITY,2009,0
DISPLACE,2009,0
DISPLACED,2009,0
DISPLACEMENT,2009,0
DISPLACEMENTS,2009,0
DISPLACES,2009,0
DISPLACING,2009,0
DISPOSE,2009,0
DISPOSSESS,2009,0
DISPOSSESSED,2009,0
DISPOSSESSES,2009,0
DISPOSSESSING,2009,0
DISPROPORTION,2009,0
DISPROPORTIONAL,2009,0
DISPROPORTIONATE,2009,0
DISPROPORTIONATELY,2009,0
DISPUTE,2009,0
DISPUTED,2009,0
DISPUTES,2009,0
DISPUTING,2009,0
DISQUALIFICATION,2009,0
DISQUALIFICATIONS,2009,0
DISQUALIFIED,2009,0
DISQUALIFIES,2009,0
DISQUALIFY,2009,0
DISQUALIFYING,2009,0
DISREGARD,2009,0
DISREGARDED,2009,0
DISREGARDING,2009,0
DISREGARDS,2009,0
DISREPUTABLE,2009,0
DISREPUTE,2009,0
DISRUPT,2009,0
DISRUPTED,2009,0
DISRUPTING,2009,0
DISRUPTION,2009,0
DISRUPTIONS,2009,0
DISRUPTIVE,2009,0
DISRUPTS,2009,0
DISSATISFACTION,2009,0
DISSATISFIED,2009,0
DISSENT,2009,0
DISSENTED,2009,0
DISSENTER,2009,0
DISSENTERS,2009,0
DISSENTING,2009,0
DISSENTS,2009,0
DISSIDENT,2009,0
DISSIDENTS,2009,0
DISSOLUTION,2009,0
DISSOLUTIONS,2009,0
DISTINCTION,0,2009
DISTINCTIONS,0,2009
DISTINCTIVE,0,2009
DISTINCTIVELY,0,2009
DISTINCTIVENESS,0,2009
DISTORT,2009,0
DISTORTED,2009,0
DISTORTING,2009,0
DISTORTION,2009,0
DISTORTIONS,2009,0
DISTORTS,2009,0
DISTRACT,2009,0
DISTRACTED,2009,0
DISTRACTING,2009,0
DISTRACTION,2009,0
DISTRACTIONS,2009,0
DISTRACTS,2009,0
DISTRESS,2009,0
DISTRESSED,2009,0
DISTURB,2009,0
DISTURBANCE,2009,0
DISTURBANCES,2009,0
DISTURBED,2009,0
DISTURBING,2009,0
DISTURBS,2009,0
DIVERSION,2009,0
DIVERT,2009,0
DIVERTED,2009,0
DIVERTING,2009,0
DIVERTS,2009,0
DIVEST,2009,0
DIVESTED,2009,0
DIVESTING,2009,0
DIVESTITURE,2009,0
DIVESTITURES,2009,0
DIVESTMENT,2009,0
DIVESTMENTS,2009,0
DIVESTS,2009,0
DIVORCE,2009,0
DIVORCED,2009,0
DIVULGE,2009,0
DIVULGED,2009,0
DIVULGES,2009,0
DIVULGING,2009,0
DOUBT,2009,0
DOUBTED,2009,0
DOUBTFUL,2009,0
DOUBTS,2009,0
DOWNGRADE,2009,0
DOWNGRADED,2009,0
DOWNGRADES,2009,0
DOWNGRADING,2009,0
DOWNSIZE,2009,0
DOWNSIZED,2009,0
DOWNSIZES,2009,0
DOWNSIZING,2009,0
DOWNSIZINGS,2009,0
DOWNTIME,2009,0
DOWNTIMES,2009,0
DOWNTURN,2009,0
DOWNTURNS,2009,0
DOWNWARD,2009,0
DOWNWARDS,2009,0
DRAG,2009,0
DRASTIC,2009,0
DRASTICALLY,2009,0
DRAWBACK,2009,0
DRAWBACKS,2009,0
DREAM,0,2009
DROPPED,2009,0
DROUGHT,2009,0
DROUGHTS,2009,0
DURESS,2009,0
DYSFUNCTION,2009,0
DYSFUNCTIONAL,2009,0
DYSFUNCTIONS,2009,0
EASIER,0,2009
EASILY,0,2009
EASING,2009,0
EASY,0,2009
EFFECTIVE,0,2009
EFFICIENCIES,0,2009
EFFICIENCY,0,2009
EFFICIENT,0,2009
EFFICIENTLY,0,2009
EGREGIOUS,2009,0
EGREGIOUSLY,2009,0
EMBARGO,2009,0
EMBARGOED,2009,0
EMBARGOES,2009,0
EMBARGOING,2009,0
EMBARRASS,2009,0
EMBARRASSED,2009,0
EMBARRASSES,2009,0
EMBARRASSING,2009,0
EMBARRASSMENT,2009,0
EMBARRASSMENTS,2009,0
EMBEZZLE,2009,0
EMBEZZLED,2009,0
EMBEZZLEMENT,2009,0
EMBEZZLEMENTS,2009,0
EMBEZZLER,2009,0
EMBEZZLES,2009,0
EMBEZZLING,2009,0
EMPOWER,0,2009
EMPOWERED,0,2009
EMPOWERING,0,2009
EMPOWERS,0,2009
ENABLE,0,2009
ENABLED,0,2009
ENABLES,0,2009
ENABLING,0,2009
ENCOURAGED,0,2009
ENCOURAGEMENT,0,2009
ENCOURAGES,0,2009
ENCOURAGING,0,2009
ENCROACH,2009,0
ENCROACHED,2009,0
ENCROACHES,2009,0
ENCROACHING,2009,0
ENCROACHMENT,2009,0
ENCROACHMENTS,2009,0
ENCUMBER,2009,0
ENCUMBERED,2009,0
ENCUMBERING,2009,0
ENCUMBERS,2009,0
ENCUMBRANCE,2009,0
ENCUMBRANCES,2009,0
ENDANGER,2009,0
ENDANGERED,2009,0
ENDANGERING,2009,0
ENDANGERMENT,2009,0
ENDANGERS,2009,0
ENHANCE,0,2009
ENHANCED,0,2009
ENHANCEMENT,0,2009
ENHANCEMENTS,0,2009
ENHANCES,0,2009
ENHANCING,0,2009
ENJOIN,2009,0
ENJOINED,2009,0
ENJOINING,2009,0
ENJOINS,2009,0
ENJOY,0,2009
ENJOYABLE,0,2009
ENJOYABLY,0,2009
ENJOYED,0,2009
ENJOYING,0,2009
ENJOYMENT,0,2009
ENJOYS,0,2009
ENTHUSIASM,0,2009
ENTHUSIASTIC,0,2009
ENTHUSIASTICALLY,0,2009
ERODE,2009,0
ERODED,2009,0
ERODES,2009,0
ERODING,2009,0
EROSION,2009,0
ERRATIC,2009,0
ERRATICALLY,2009,0
ERRED,2009,0
ERRING,2009,0
ERRONEOUS,2009,0
ERRONEOUSLY,2009,0
ERROR,2009,0
ERRORS,2009,0
ERRS,2009,0
ESCALATE,2009,0
ESCALATED,2009,0
ESCALATES,2009,0
ESCALATING,2009,0
EVADE,2009,0
EVADED,2009,0
EVADES,2009,0
EVADING,2009,0
EVASION,2009,0
EVASIONS,2009,0
EVASIVE,2009,0
EVICT,2009,0
EVICTED,2009,0
EVICTING,2009,0
EVICTION,2009,0
EVICTIONS,2009,0
EVICTS,2009,0
EXACERBATE,2009,0
EXACERBATED,2009,0
EXACERBATES,2009,0
EXACERBATING,2009,0
EXACERBATION,2009,0
EXACERBATIONS,2009,0
EXAGGERATE,2009,0
EXAGGERATED,2009,0
EXAGGERATES,2009,0
EXAGGERATING,2009,0
EXAGGERATION,2009,0
EXCELLENCE,0,2009
EXCELLENT,0,2009
EXCELLING,0,2009
EXCELS,0,2009
EXCEPTIONAL,0,2009
EXCEPTIONALLY,0,2009
EXCESSIVE,2009,0
EXCESSIVELY,2009,0
EXCITED,0,2009
EXCITEMENT,0,2009
EXCITING,0,2009
EXCLUSIVE,0,2009
EXCLUSIVELY,0,2009
EXCLUSIVENESS,0,2009
EXCLUSIVES,0,2009
EXCLUSIVITY,0,2009
EXCULPATE,2009,0
EXCULPATED,2009,0
EXCULPATES,2009,0
EXCULPATING,2009,0
EXCULPATION,2009,0
EXCULPATIONS,2009,0
EXCULPATORY,2009,0
EXEMPLARY,0,2009
EXONERATE,2009,0
EXONERATED,2009,0
EXONERATES,2009,0
EXONERATING,2009,0
EXONERATION,2009,0
EXONERATIONS,2009,0
EXPLOIT,2009,0
EXPLOITATION,2009,0
EXPLOITATIONS,2009,0
EXPLOITATIVE,2009,0
EXPLOITED,2009,0
EXPLOITING,2009,0
EXPLOITS,2009,0
EXPOSE,2009,0
EXPOSED,2009,0
EXPOSES,2009,0
EXPOSING,2009,0
EXPROPRIATE,2009,0
EXPROPRIATED,2009,0
EXPROPRIATES,2009,0
EXPROPRIATING,2009,0
EXPROPRIATION,2009,0
EXPROPRIATIONS,2009,0
EXPULSION,2009,0
EXPULSIONS,2009,0
EXTENUATING,2009,0
FAIL,2009,0
FAILED,2009,0
FAILING,2009,0
FAILINGS,2009,0
FAILS,2009,0
FAILURE,2009,0
FAILURES,2009,0
FALLOUT,2009,0
FALSE,2009,0
FALSELY,2009,0
FALSIFICATION,2009,0
FALSIFICATIONS,2009,0
FALSIFIED,2009,0
FALSIFIES,2009,0
FALSIFY,2009,0
FALSIFYING,2009,0
FALSITY,2009,0
FANTASTIC,0,2009
FATALITIES,2009,0
FATALITY,2009,0
FATALLY,2009,0
FAULT,2009,0
FAULTED,2009,0
FAULTS,2009,0
FAULTY,2009,0
FAVORABLE,0,2009
FAVORABLY,0,2009
FAVORED,0,2009
FAVORING,0,2009
FAVORITE,0,2009
FAVORITES,0,2009
FEAR,2009,0
FEARS,2009,0
FELONIES,2009,0
FELONIOUS,2009,0
FELONY,2009,0
FICTITIOUS,2009,0
FINED,2009,0
FINES,2009,0
FIRED,2009,0
FIRING,2009,0
FLAW,2009,0
FLAWED,2009,0
FLAWS,2009,0
FORBID,2009,0
FORBIDDEN,2009,0
FORBIDDING,2009,0
FORBIDS,2009,0
FORCE,2009,0
FORCED,2009,0
FORCING,2009,0
FORECLOSE,2009,0
FORECLOSED,2009,0
FORECLOSES,2009,0
FORECLOSING,2009,0
FORECLOSURE,2009,0
FORECLOSURES,2009,0
FOREGO,2009,0
FOREGOES,2009,0
FOREGONE,2009,0
FORESTALL,2009,0
FORESTALLED,2009,0
FORESTALLING,2009,0
FORESTALLS,2009,0
FORFEIT,2009,0
FORFEITED,2009,0
FORFEITING,2009,0
FORFEITS,2009,0
FORFEITURE,2009,0
FORFEITURES,2009,0
FORGERS,2009,0
FORGERY,2009,0
FRAUD,2009,0
FRAUDS,2009,0
FRAUDULENCE,2009,0
FRAUDULENT,2009,0
FRAUDULENTLY,2009,0
FRIENDLY,0,2009
FRIVOLOUS,2009,0
FRIVOLOUSLY,2009,0
FRUSTRATE,2009,0
FRUSTRATED,2009,0
FRUSTRATES,2009,0
FRUSTRATING,2009,0
FRUSTRATINGLY,2009,0
FRUSTRATION,2009,0
FRUSTRATIONS,2009,0
FUGITIVE,2009,0
FUGITIVES,2009,0
GAIN,0,2009
GAINED,0,2009
GAINING,0,2009
GAINS,0,2009
GOOD,0,2009
GRATUITOUS,2009,0
GRATUITOUSLY,2009,0
GREAT,0,2009
GREATER,0,2009
GREATEST,0,2009
GREATLY,0,2009
GREATNESS,0,2009
GRIEVANCE,2009,0
GRIEVANCES,2009,0
GROSSLY,2009,0
GROUNDLESS,2009,0
GUILTY,2009,0
HALT,2009,0
HALTED,2009,0
HAMPER,2009,0
HAMPERED,2009,0
HAMPERING,2009,0
HAMPERS,2009,0
HAPPIEST,0,2009
HAPPILY,0,2009
HAPPINESS,0,2009
HAPPY,0,2009
HARASS,2009,0
HARASSED,2009,0
HARASSING,2009,0
HARASSMENT,2009,0
HARDSHIP,2009,0
HARDSHIPS,2009,0
HARM,2009,0
HARMED,2009,0
HARMFUL,2009,0
HARMFULLY,2009,0
HARMING,2009,0
HARMS,2009,0
HARSH,2009,0
HARSHER,2009,0
HARSHEST,2009,0
HARSHLY,2009,0
HARSHNESS,2009,0
HAZARD,2009,0
HAZARDOUS,2009,0
HAZARDS,2009,0
HIGHEST,0,2009
HINDER,2009,0
HINDERED,2009,0
HINDERING,2009,0
HINDERS,2009,0
HINDRANCE,2009,0
HINDRANCES,2009,0
HONOR,0,2009
HONORABLE,0,2009
HONORED,0,2009
HONORING,0,2009
HONORS,0,2009
HOSTILE,2009,0
HOSTILITY,2009,0
HURT,2009,0
HURTING,2009,0
IDEAL,0,2009
IDLE,2009,0
IDLED,2009,0
IDLING,2009,0
IGNORE,2009,0
IGNORED,2009,0
IGNORES,2009,0
IGNORING,2009,0
ILL,2009,0
ILLEGAL,2009,0
ILLEGALITIES,2009,0
ILLEGALITY,2009,0
ILLEGALLY,2009,0
ILLEGIBLE,2009,0
ILLICIT,2009,0
ILLICITLY,2009,0
ILLIQUID,2009,0
ILLIQUIDITY,2009,0
IMBALANCE,2009,0
IMBALANCES,2009,0
IMMATURE,2009,0
IMMORAL,2009,0
IMPAIR,2009,0
IMPAIRED,2009,0
IMPAIRING,2009,0
IMPAIRMENT,2009,0
IMPAIRMENTS,2009,0
IMPAIRS,2009,0
IMPASSE,2009,0
IMPASSES,2009,0
IMPEDE,2009,0
IMPEDED,2009,0
IMPEDES,2009,0
IMPEDIMENT,2009,0
IMPEDIMENTS,2009,0
IMPEDING,2009,0
IMPENDING,2009,0
IMPERATIVE,2009,0
IMPERFECTION,2009,0
IMPERFECTIONS,2009,0
IMPERIL,2009,0
IMPERMISSIBLE,2009,0
IMPLICATE,2009,0
IMPLICATED,2009,0
IMPLICATES,2009,0
IMPLICATING,2009,0
IMPOSSIBILITY,2009,0
IMPOSSIBLE,2009,0
IMPOUND,2009,0
IMPOUNDED,2009,0
IMPOUNDING,2009,0
IMPOUNDS,2009,0
IMPRACTICABLE,2009,0
IMPRACTICAL,2009,0
IMPRACTICALITIES,2009,0
IMPRACTICALITY,2009,0
IMPRESS,0,2009
IMPRESSED,0,2009
IMPRESSES,0,2009
IMPRESSING,0,2009
IMPRESSIVE,0,2009
IMPRESSIVELY,0,2009
IMPRISONMENT,2009,0
IMPROPER,2009,0
IMPROPERLY,2009,0
IMPROPRIETIES,2009,0
IMPROPRIETY,2009,0
IMPROVE,0,2009
IMPROVED,0,2009
IMPROVEMENT,0,2009
IMPROVEMENTS,0,2009
IMPROVES,0,2009
IMPROVING,0,2009
IMPRUDENT,2009,0
IMPRUDENTLY,2009,0
INABILITY,2009,0
INACCESSIBLE,2009,0
INACCURACIES,2009,0
INACCURACY,2009,0
INACCURATE,2009,0
INACCURATELY,2009,0
INACTION,2009,0
INACTIONS,2009,0
INACTIVATE,2009,0
INACTIVATED,2009,0
INACTIVATES,2009,0
INACTIVATING,2009,0
INACTIVATION,2009,0
INACTIVATIONS,2009,0
INACTIVITY,2009,0
INADEQUACIES,2009,0
INADEQUACY,2009,0
INADEQUATE,2009,0
INADEQUATELY,2009,0
INADVERTENT,2009,0
INADVERTENTLY,2009,0
INADVISABILITY,2009,0
INADVISABLE,2009,0
INAPPROPRIATE,2009,0
INAPPROPRIATELY,2009,0
INATTENTION,2009,0
INCAPABLE,2009,0
INCAPACITATED,2009,0
INCAPACITY,2009,0
INCARCERATE,2009,0
INCARCERATED,2009,0
INCARCERATES,2009,0
INCARCERATING,2009,0
INCARCERATION,2009,0
INCARCERATIONS,2009,0
INCIDENCE,2009,0
INCIDENCES,2009,0
INCIDENT,2009,0
INCIDENTS,2009,0
INCOMPATIBILITIES,2009,0
INCOMPATIBILITY,2009,0
INCOMPATIBLE,2009,0
INCOMPETENCE,2009,0
INCOMPETENCY,2009,0
INCOMPETENT,2009,0
INCOMPETENTLY,2009,0
INCOMPETENTS,2009,0
INCOMPLETE,2009,0
INCOMPLETELY,2009,0
INCOMPLETENESS,2009,0
INCONCLUSIVE,2009,0
INCONSISTENCIES,2009,0
INCONSISTENCY,2009,0
INCONSISTENT,2009,0
INCONSISTENTLY,2009,0
INCONVENIENCE,2009,0
INCONVENIENCES,2009,0
INCONVENIENT,2009,0
INCORRECT,2009,0
INCORRECTLY,2009,0
INCORRECTNESS,2009,0
INCREDIBLE,0,2009
INCREDIBLY,0,2009
INDECENCY,2009,0
INDECENT,2009,0
INDEFEASIBLE,2009,0
INDEFEASIBLY,2009,0
INDICT,2009,0
INDICTABLE,2009,0
INDICTED,2009,0
INDICTING,2009,0
INDICTMENT,2009,0
INDICTMENTS,2009,0
INEFFECTIVE,2009,0
INEFFECTIVELY,2009,0
INEFFECTIVENESS,2009,0
INEFFICIENCIES,2009,0
INEFFICIENCY,2009,0
INEFFICIENT,2009,0
INEFFICIENTLY,2009,0
INELIGIBILITY,2009,0
INELIGIBLE,2009,0
INEQUITABLE,2009,0
INEQUITABLY,2009,0
INEQUITIES,2009,0
INEQUITY,2009,0
INEVITABLE,2009,0
INEXPERIENCE,2009,0
INEXPERIENCED,2009,0
INFERIOR,2009,0
INFLICTED,2009,0
INFLUENTIAL,0,2009
INFORMATIVE,0,2009
INFRACTION,2009,0
INFRACTIONS,2009,0
INFRINGE,2009,0
INFRINGED,2009,0
INFRINGEMENT,2009,0
INFRINGEMENTS,2009,0
INFRINGES,2009,0
INFRINGING,2009,0
INGENUITY,0,2009
INHIBITED,2009,0
INIMICAL,2009,0
INJUNCTION,2009,0
INJUNCTIONS,2009,0
INJURE,2009,0
INJURED,2009,0
INJURES,2009,0
INJURIES,2009,0
INJURING,2009,0
INJURIOUS,2009,0
INJURY,2009,0
INNOVATE,0,2009
INNOVATED,0,2009
INNOVATES,0,2009
INNOVATING,0,2009
INNOVATION,0,2009
INNOVATIONS,0,2009
INNOVATIVE,0,2009
INNOVATIVENESS,0,2011
INNOVATOR,0,2009
INNOVATORS,0,2009
INORDINATE,2009,0
INORDINATELY,2009,0
INQUIRY,2009,0
INSECURE,2009,0
INSENSITIVE,2009,0
INSIGHTFUL,0,2009
INSOLVENCIES,2009,0
INSOLVENCY,2009,0
INSOLVENT,2009,0
INSPIRATION,0,2009
INSPIRATIONAL,0,2009
INSTABILITY,2009,0
INSUBORDINATION,2009,0
INSUFFICIENCY,2009,0
INSUFFICIENT,2009,0
INSUFFICIENTLY,2009,0
INSURRECTION,2009,0
INSURRECTIONS,2009,0
INTEGRITY,0,2009
INTENTIONAL,2009,0
INTERFERE,2009,0
INTERFERED,2009,0
INTERFERENCE,2009,0
INTERFERENCES,2009,0
INTERFERES,2009,0
INTERFERING,2009,0
INTERMITTENT,2009,0
INTERMITTENTLY,2009,0
INTERRUPT,2009,0
INTERRUPTED,2009,0
INTERRUPTING,2009,0
INTERRUPTION,2009,0
INTERRUPTIONS,2009,0
INTERRUPTS,2009,0
INTIMIDATION,2009,0
INTRUSION,2009,0
INVALID,2009,0
INVALIDATE,2009,0
INVALIDATED,2009,0
INVALIDATES,2009,0
INVALIDATING,2009,0
INVALIDATION,2009,0
INVALIDITY,2009,0
INVENT,0,2009
INVENTED,0,2009
INVENTING,0,2009
INVENTION,0,2009
INVENTIONS,0,2009
INVENTIVE,0,2009
INVENTIVENESS,0,2009
INVENTOR,0,2009
INVENTORS,0,2009
INVESTIGATE,2009,0
INVESTIGATED,2009,0
INVESTIGATES,2009,0
INVESTIGATING,2009,0
INVESTIGATION,2009,0
INVESTIGATIONS,2009,0
INVOLUNTARILY,2009,0
INVOLUNTARY,2009,0
IRRECONCILABLE,2009,0
IRRECONCILABLY,2009,0
IRRECOVERABLE,2009,0
IRRECOVERABLY,2009,0
IRREGULAR,2009,0
IRREGULARITIES,2009,0
IRREGULARITY,2009,0
IRREGULARLY,2009,0
IRREPARABLE,2009,0
IRREPARABLY,2009,0
IRREVERSIBLE,2009,0
JEOPARDIZE,2009,0
JEOPARDIZED,2009,0
JUSTIFIABLE,2009,0
KICKBACK,2009,0
KICKBACKS,2009,0
KNOWINGLY,2009,0
LACK,2009,0
LACKED,2009,0
LACKING,2009,0
LACKLUSTER,2009,0
LACKS,2009,0
LAG,2009,0
LAGGED,2009,0
LAGGING,2009,0
LAGS,2009,0
LAPSE,2009,0
LAPSED,2009,0
LAPSES,2009,0
LAPSING,2009,0
LATE,2009,0
LAUNDERING,2009,0
LAYOFF,2009,0
LAYOFFS,2009,0
LEADERSHIP,0,2009
LEADING,0,2009
LIE,2009,0
LIMITATION,2009,0
LIMITATIONS,2009,0
LINGERING,2009,0
LIQUIDATE,2009,0
LIQUIDATED,2009,0
LIQUIDATES,2009,0
LIQUIDATING,2009,0
LIQUIDATION,2009,0
LIQUIDATIONS,2009,0
LIQUIDATOR,2009,0
LIQUIDATORS,2009,0
LITIGANT,2009,0
LITIGANTS,2009,0
LITIGATE,2009,0
LITIGATED,2009,0
LITIGATES,2009,0
LITIGATING,2009,0
LITIGATION,2009,0
LITIGATIONS,2009,0
LOCKOUT,2009,0
LOCKOUTS,2009,0
LOSE,2009,0
LOSES,2009,0
LOSING,2009,0
LOSS,2009,0
LOSSES,2009,0
LOST,2009,0
LOYAL,0,2009
LUCRATIVE,0,2009
LYING,2009,0
MALFEASANCE,2009,0
MALFUNCTION,2009,0
MALFUNCTIONED,2009,0
MALFUNCTIONING,2009,0
MALFUNCTIONS,2009,0
MALICE,2009,0
MALICIOUS,2009,0
MALICIOUSLY,2009,0
MALPRACTICE,2009,0
MANIPULATE,2009,0
MANIPULATED,2009,0
MANIPULATES,2009,0
MANIPULATING,2009,0
MANIPULATION,2009,0
MANIPULATIONS,2009,0
MANIPULATIVE,2009,0
MARKDOWN,2009,0
MARKDOWNS,2009,0
MERITORIOUS,0,2009
MISAPPLICATION,2009,0
MISAPPLICATIONS,2009,0
MISAPPLIED,2009,0
MISAPPLIES,2009,0
MISAPPLY,2009,0
MISAPPLYING,2009,0
MISAPPROPRIATE,2009,0
MISAPPROPRIATED,2009,0
MISAPPROPRIATES,2009,0
MISAPPROPRIATING,2009,0
MISAPPROPRIATION,2009,0
MISAPPROPRIATIONS,2009,0
MISBRANDED,2009,0
MISCALCULATE,2009,0
MISCALCULATED,2009,0
MISCALCULATES,2009,0
MISCALCULATING,2009,0
MISCALCULATION,2009,0
MISCALCULATIONS,2009,0
MISCHARACTERIZATION,2014,0
MISCHIEF,2009,0
MISCLASSIFICATION,2011,0
MISCLASSIFICATIONS,2014,0
MISCLASSIFIED,2011,0
MISCLASSIFY,2014,0
MISCOMMUNICATION,2014,0
MISCONDUCT,2009,0
MISDATED,2011,0
MISDEMEANOR,2009,0
MISDEMEANORS,2009,0
MISDIRECTED,2009,0
MISHANDLE,2009,0
MISHANDLED,2009,0
MISHANDLES,2009,0
MISHANDLING,2009,0
MISINFORM,2009,0
MISINFORMATION,2009,0
MISINFORMED,2009,0
MISINFORMING,2009,0
MISINFORMS,2009,0
MISINTERPRET,2009,0
MISINTERPRETATION,2009,0
MISINTERPRETATIONS,2009,0
MISINTERPRETED,2009,0
MISINTERPRETING,2009,0
MISINTERPRETS,2009,0
MISJUDGE,2009,0
MISJUDGED,2009,0
MISJUDGES,2009,0
MISJUDGING,2009,0
MISJUDGMENT,2009,0
MISJUDGMENTS,2009,0
MISLABEL,2009,0
MISLABELED,2009,0
MISLABELING,2009,0
MISLABELLED,2009,0
MISLABELS,2009,0
MISLEAD,2009,0
MISLEADING,2009,0
MISLEADINGLY,2009,0
MISLEADS,2009,0
MISLED,2009,0
MISMANAGE,2009,0
MISMANAGED,2009,0
MISMANAGEMENT,2009,0
MISMANAGES,2009,0
MISMANAGING,2009,0
MISMATCH,2009,0
MISMATCHED,2009,0
MISMATCHES,2009,0
MISMATCHING,2009,0
MISPLACED,2009,0
MISPRICE,2014,0
MISPRICING,2014,0
MISPRICINGS,2014,0
MISREPRESENT,2009,0
MISREPRESENTATION,2009,0
MISREPRESENTATIONS,2009,0
MISREPRESENTED,2009,0
MISREPRESENTING,2009,0
MISREPRESENTS,2009,0
MISS,2009,0
MISSED,2009,0
MISSES,2009,0
MISSTATE,2009,0
MISSTATED,2009,0
MISSTATEMENT,2009,0
MISSTATEMENTS,2009,0
MISSTATES,2009,0
MISSTATING,2009,0
MISSTEP,2009,0
MISSTEPS,2009,0
MISTAKE,2009,0
MISTAKEN,2009,0
MISTAKENLY,2009,0
MISTAKES,2009,0
MISTAKING,2009,0
MISTRIAL,2009,0
MISTRIALS,2009,0
MISUNDERSTAND,2009,0
MISUNDERSTANDING,2009,0
MISUNDERSTANDINGS,2009,0
MISUNDERSTOOD,2009,0
MISUSE,2009,0
MISUSED,2009,0
MISUSES,2009,0
MISUSING,2009,0
MONOPOLISTIC,2009,0
MONOPOLISTS,2009,0
MONOPOLIZATION,2009,0
MONOPOLIZE,2009,0
MONOPOLIZED,2009,0
MONOPOLIZES,2009,0
MONOPOLIZING,2009,0
MONOPOLY,2009,0
MORATORIA,2009,0
MORATORIUM,2009,0
MORATORIUMS,2009,0
MOTHBALLED,2009,0
MOTHBALLING,2009,0
STOLEN,2009,0
STOPPAGE,2009,0
STOPPAGES,2009,0
STOPPED,2009,0
STOPPING,2009,0
STOPS,2009,0
STRAIN,2009,0
STRAINED,2009,0
STRAINING,2009,0
STRAINS,2009,0
STRENGTH,0,2009
STRENGTHEN,0,2009
STRENGTHENED,0,2009
STRENGTHENING,0,2009
STRENGTHENS,0,2009
STRENGTHS,0,2009
STRESS,2009,0
STRESSED,2009,0
STRESSES,2009,0
STRESSFUL,2009,0
STRESSING,2009,0
STRINGENT,2009,0
STRONG,0,2009
STRONGER,0,2009
STRONGEST,0,2009
SUBJECTED,2009,0
SUBJECTING,2009,0
SUBJECTION,2009,0
SUBPOENA,2009,0
SUBPOENAED,2009,0
SUBPOENAS,2009,0
SUBSTANDARD,2009,0
SUCCEED,0,2009
SUCCEEDED,0,2009
SUCCEEDING,0,2009
SUCCEEDS,0,2009
SUCCESS,0,2009
SUCCESSES,0,2009
SUCCESSFUL,0,2009
SUCCESSFULLY,0,2009
SUE,2009,0
SUED,2009,0
SUES,2009,0
SUFFER,2009,0
SUFFERED,2009,0
SUFFERING,2009,0
SUFFERS,2009,0
SUING,2009,0
SUMMONED,2009,0
SUMMONING,2009,0
SUMMONS,2009,0
SUMMONSES,2009,0
SUPERIOR,0,2009
SURPASS,0,2009
SURPASSED,0,2009
SURPASSES,0,2009
SURPASSING,0,2009
SUSCEPTIBILITY,2009,0
SUSCEPTIBLE,2009,0
SUSPECT,2009,0
SUSPECTED,2009,0
SUSPECTS,2009,0
SUSPEND,2009,0
SUSPENDED,2009,0
SUSPENDING,2009,0
SUSPENDS,2009,0
SUSPENSION,2009,0
SUSPENSIONS,2009,0
SUSPICION,2009,0
SUSPICIONS,2009,0
SUSPICIOUS,2009,0
SUSPICIOUSLY,2009,0
TAINT,2009,0
TAINTED,2009,0
TAINTING,2009,0
TAINTS,2009,0
TAMPERED,2009,0
TENSE,2009,0
TERMINATE,2009,0
TERMINATED,2009,0
TERMINATES,2009,0
TERMINATING,2009,0
TERMINATION,2009,0
TERMINATIONS,2009,0
TESTIFY,2009,0
TESTIFYING,2009,0
THREAT,2009,0
THREATEN,2009,0
THREATENED,2009,0
THREATENING,2009,0
THREATENS,2009,0
THREATS,2009,0
TIGHTENING,2009,0
TOLERATE,2009,0
TOLERATED,2009,0
TOLERATES,2009,0
TOLERATING,2009,0
TOLERATION,2009,0
TORTUOUS,2009,0
TORTUOUSLY,2009,0
TRAGEDIES,2009,0
TRAGEDY,2009,0
TRAGIC,2009,0
TRAGICALLY,2009,0
TRANSPARENCY,0,2009
TRAUMATIC,2009,0
TREMENDOUS,0,2009
TREMENDOUSLY,0,2009
TROUBLE,2009,0
TROUBLED,2009,0
TROUBLES,2009,0
TURBULENCE,2009,0
TURMOIL,2009,0
UNABLE,2009,0
UNACCEPTABLE,2009,0
UNACCEPTABLY,2009,0
UNACCOUNTED,2009,0
UNANNOUNCED,2009,0
UNANTICIPATED,2009,0
UNAPPROVED,2009,0
UNATTRACTIVE,2009,0
UNAUTHORIZED,2009,0
UNAVAILABILITY,2009,0
UNAVAILABLE,2009,0
UNAVOIDABLE,2009,0
UNAVOIDABLY,2009,0
UNAWARE,2009,0
UNCOLLECTABLE,2009,0
UNCOLLECTED,2009,0
UNCOLLECTIBILITY,2009,0
UNCOLLECTIBLE,2009,0
UNCOLLECTIBLES,2009,0
UNCOMPETITIVE,2009,0
UNCOMPLETED,2009,0
UNCONSCIONABLE,2009,0
UNCONSCIONABLY,2009,0
UNCONTROLLABLE,2009,0
UNCONTROLLABLY,2009,0
UNCONTROLLED,2009,0
UNCORRECTED,2009,0
UNCOVER,2009,0
UNCOVERED,2009,0
UNCOVERING,2009,0
UNCOVERS,2009,0
UNDELIVERABLE,2009,0
UNDELIVERED,2009,0
UNDERCAPITALIZED,2009,0
UNDERCUT,2009,0
UNDERCUTS,2009,0
UNDERCUTTING,2009,0
UNDERESTIMATE,2009,0
UNDERESTIMATED,2009,0
UNDERESTIMATES,2009,0
UNDERESTIMATING,2009,0
UNDERESTIMATION,2009,0
UNDERFUNDED,2009,0
UNDERINSURED,2009,0
UNDERMINE,2009,0
UNDERMINED,2009,0
UNDERMINES,2009,0
UNDERMINING,2009,0
UNDERPAID,2009,0
UNDERPAYMENT,2009,0
UNDERPAYMENTS,2009,0
UNDERPAYS,2009,0
UNDERPERFORM,2011,0
UNDERPERFORMANCE,2009,0
UNDERPERFORMED,2011,0
UNDERPERFORMING,2009,0
UNDERPERFORMS,2014,0
UNDERPRODUCED,2009,0
UNDERPRODUCTION,2009,0
UNDERREPORTING,2011,0
UNDERSTATE,2009,0
UNDERSTATED,2009,0
UNDERSTATEMENT,2009,0
UNDERSTATEMENTS,2009,0
UNDERSTATES,2009,0
UNDERSTATING,2009,0
UNDERUTILIZATION,2009,0
UNDERUTILIZED,2009,0
UNDESIRABLE,2009,0
UNDESIRED,2009,0
UNDETECTED,2009,0
UNDETERMINED,2009,0
UNDISCLOSED,2009,0
UNDOCUMENTED,2009,0
UNDUE,2009,0
UNDULY,2009,0
UNECONOMIC,2009,0
UNECONOMICAL,2009,0
UNECONOMICALLY,2009,0
UNEMPLOYED,2009,0
UNEMPLOYMENT,2009,0
UNETHICAL,2009,0
UNETHICALLY,2009,0
UNEXCUSED,2009,0
UNEXPECTED,2009,0
UNEXPECTEDLY,2009,0
UNFAIR,2009,0
UNFAIRLY,2009,0
UNFAVORABILITY,2014,0
UNFAVORABLE,2009,0
UNFAVORABLY,2009,0
UNFAVOURABLE,2011,0
UNFEASIBLE,2009,0
UNFIT,2009,0
UNFITNESS,2009,0
UNFORESEEABLE,2009,0
UNFORESEEN,2009,0
UNFORSEEN,2011,0
UNFORTUNATE,2009,0
UNFORTUNATELY,2009,0
UNFOUNDED,2009,0
UNFRIENDLY,2009,0
UNFULFILLED,2009,0
UNFUNDED,2009,0
UNINSURED,2009,0
UNINTENDED,2009,0
UNINTENTIONAL,2009,0
UNINTENTIONALLY,2009,0
UNJUST,2009,0
UNJUSTIFIABLE,2009,0
UNJUSTIFIABLY,2009,0
UNJUSTIFIED,2009,0
UNJUSTLY,2009,0
UNKNOWING,2009,0
UNKNOWINGLY,2009,0
UNLAWFUL,2009,0
UNLAWFULLY,2009,0
UNLICENSED,2009,0
UNLIQUIDATED,2009,0
UNMARKETABLE,2009,0
UNMATCHED,0,2009
UNMERCHANTABLE,2011,0
UNMERITORIOUS,2014,0
UNNECESSARILY,2009,0
UNNECESSARY,2009,0
UNNEEDED,2009,0
UNOBTAINABLE,2009,0
UNOCCUPIED,2009,0
UNPAID,2009,0
UNPARALLELED,0,2009
UNPERFORMED,2009,0
UNPLANNED,2009,0
UNPOPULAR,2009,0
UNPREDICTABILITY,2009,0
UNPREDICTABLE,2009,0
UNPREDICTABLY,2009,0
UNPREDICTED,2011,0
UNPRODUCTIVE,2009,0
UNPROFITABILITY,2011,0
UNPROFITABLE,2009,0
UNQUALIFIED,2009,0
UNREALISTIC,2009,0
UNREASONABLE,2009,0
UNREASONABLENESS,2009,0
UNREASONABLY,2009,0
UNRECEPTIVE,2014,0
UNRECOVERABLE,2009,0
UNRECOVERED,2009,0
UNREIMBURSED,2009,0
UNRELIABLE,2009,0
UNREMEDIED,2009,0
UNREPORTED,2009,0
UNRESOLVED,2009,0
UNREST,2009,0
UNSAFE,2009,0
UNSALABLE,2009,0
UNSALEABLE,2009,0
UNSATISFACTORY,2009,0
UNSATISFIED,2009,0
UNSAVORY,2009,0
UNSCHEDULED,2009,0
UNSELLABLE,2014,0
UNSOLD,2009,0
UNSOUND,2009,0
UNSTABILIZED,2014,0
UNSTABLE,2009,0
UNSUBSTANTIATED,2009,0
UNSUCCESSFUL,2009,0
UNSUCCESSFULLY,2009,0
UNSUITABILITY,2009,0
UNSUITABLE,2009,0
UNSUITABLY,2009,0
UNSUITED,2009,0
UNSURE,2009,0
UNSURPASSED,0,2009
UNSUSPECTED,2009,0
UNSUSPECTING,2009,0
UNSUSTAINABLE,2009,0
UNTENABLE,2009,0
UNTIMELY,2009,0
UNTRUSTED,2014,0
UNTRUTH,2009,0
UNTRUTHFUL,2009,0
UNTRUTHFULLY,2009,0
UNTRUTHFULNESS,2009,0
UNTRUTHS,2009,0
UNUSABLE,2009,0
UNWANTED,2009,0
UNWARRANTED,2009,0
UNWELCOME,2009,0
UNWILLING,2009,0
UNWILLINGNESS,2009,0
UPSET,2009,0
UPTURN,0,2009
UPTURNS,0,2009
URGENCY,2009,0
URGENT,2009,0
USURIOUS,2009,0
USURP,2009,0
USURPED,2009,0
USURPING,2009,0
USURPS,2009,0
USURY,2009,0
VALUABLE,0,2009
VANDALISM,2009,0
VERDICT,2009,0
VERDICTS,2009,0
VERSATILE,0,2009
VERSATILITY,0,2009
VETOED,2009,0
VIBRANCY,0,2009
VIBRANT,0,2009
VICTIMS,2009,0
VIOLATE,2009,0
VIOLATED,2009,0
VIOLATES,2009,0
VIOLATING,2009,0
VIOLATION,2009,0
VIOLATIONS,2009,0
VIOLATIVE,2009,0
VIOLATOR,2009,0
VIOLATORS,2009,0
VIOLENCE,2009,0
VIOLENT,2009,0
VIOLENTLY,2009,0
VITIATE,2009,0
VITIATED,2009,0
VITIATES,2009,0
VITIATING,2009,0
VITIATION,2009,0
VOIDED,2009,0
VOIDING,2009,0
VOLATILE,2009,0
VOLATILITY,2009,0
VULNERABILITIES,2009,0
VULNERABILITY,2009,0
VULNERABLE,2009,0
VULNERABLY,2009,0
WARN,2009,0
WARNED,2009,0
WARNING,2009,0
WARNINGS,2009,0
WARNS,2009,0
WASTED,2009,0
WASTEFUL,2009,0
WASTING,2009,0
WEAK,2009,0
WEAKEN,2009,0
WEAKENED,2009,0
WEAKENING,2009,0
WEAKENS,2009,0
WEAKER,2009,0
WEAKEST,2009,0
WEAKLY,2009,0
WEAKNESS,2009,0
WEAKNESSES,2009,0
WILLFULLY,2009,0
WIN,0,2009
WINNER,0,2009
WINNERS,0,2009
WINNING,0,2009
WORRIES,2009,0
WORRY,2009,0
WORRYING,2009,0
WORSE,2009,0
WORSEN,2009,0
WORSENED,2009,0
WORSENING,2009,0
WORSENS,2009,0
WORST,2009,0
WORTHLESS,2009,0
WORTHY,0,2009
WRITEDOWN,2009,0
WRITEDOWNS,2009,0
WRITEOFF,2009,0
WRITEOFFS,2009,0
WRONG,2009,0
WRONGDOING,2009,0
WRONGDOINGS,2009,0
WRONGFUL,2009,0
WRONGFULLY,2009,0
WRONGLY,2009,0
POOR,2009,0
POORLY,2009,0
POPULAR,0,2009
POPULARITY,0,2009
POSES,2009,0
POSING,2009,0
POSITIVE,0,2009
POSITIVELY,0,2009
POSTPONE,2009,0
POSTPONED,2009,0
POSTPONEMENT,2009,0
POSTPONEMENTS,2009,0
POSTPONES,2009,0
POSTPONING,2009,0
PRECIPITATED,2009,0
PRECIPITOUS,2009,0
PRECIPITOUSLY,2009,0
PRECLUDE,2009,0
PRECLUDED,2009,0
PRECLUDES,2009,0
PRECLUDING,2009,0
PREDATORY,2009,0
PREEMINENCE,0,2009
PREEMINENT,0,2009
PREJUDICE,2009,0
PREJUDICED,2009,0
PREJUDICES,2009,0
PREJUDICIAL,2009,0
PREJUDICING,2009,0
PREMATURE,2009,0
PREMATURELY,2009,0
PREMIER,0,2009
PREMIERE,0,2009
PRESSING,2009,0
PRESTIGE,0,2009
PRESTIGIOUS,0,2009
PRETRIAL,2009,0
PREVENTING,2009,0
PREVENTION,2009,0
PREVENTS,2009,0
PROACTIVE,0,2009
PROACTIVELY,0,2009
PROBLEM,2009,0
PROBLEMATIC,2009,0
PROBLEMATICAL,2009,0
PROBLEMS,2009,0
PROFICIENCY,0,2009
PROFICIENT,0,2009
PROFICIENTLY,0,2009
PROFITABILITY,0,2009
PROFITABLE,0,2009
PROFITABLY,0,2009
PROGRESS,0,2009
PROGRESSED,0,2009
PROGRESSES,0,2009
PROGRESSING,0,2009
PROLONG,2009,0
PROLONGATION,2009,0
PROLONGATIONS,2009,0
PROLONGED,2009,0
PROLONGING,2009,0
PROLONGS,2009,0
PRONE,2009,0
PROSECUTE,2009,0
PROSECUTED,2009,0
PROSECUTES,2009,0
PROSECUTING,2009,0
PROSECUTION,2009,0
PROSECUTIONS,2009,0
PROSPERED,0,2009
PROSPERING,0,2009
PROSPERITY,0,2009
PROSPEROUS,0,2009
PROSPERS,0,2009
PROTEST,2009,0
PROTESTED,2009,0
PROTESTER,2009,0
PROTESTERS,2009,0
PROTESTING,2009,0
PROTESTOR,2009,0
PROTESTORS,2009,0
PROTESTS,2009,0
PROTRACTED,2009,0
PROTRACTION,2009,0
PROVOKE,2009,0
PROVOKED,2009,0
PROVOKES,2009,0
PROVOKING,2009,0
PUNISHED,2009,0
PUNISHES,2009,0
PUNISHING,2009,0
PUNISHMENT,2009,0
PUNISHMENTS,2009,0
PUNITIVE,2009,0
PURPORT,2009,0
PURPORTED,2009,0
PURPORTEDLY,2009,0
PURPORTING,2009,0
PURPORTS,2009,0
QUESTION,2009,0
QUESTIONABLE,2009,0
QUESTIONABLY,2009,0
QUESTIONED,2009,0
QUESTIONING,2009,0
QUESTIONS,2009,0
QUIT,2009,0
QUITTING,2009,0
RACKETEER,2009,0
RACKETEERING,2009,0
RATIONALIZATION,2009,0
RATIONALIZATIONS,2009,0
RATIONALIZE,2009,0
RATIONALIZED,2009,0
RATIONALIZES,2009,0
RATIONALIZING,2009,0
REASSESSMENT,2009,0
REASSESSMENTS,2009,0
REASSIGN,2009,0
REASSIGNED,2009,0
REASSIGNING,2009,0
REASSIGNMENT,2009,0
REASSIGNMENTS,2009,0
REASSIGNS,2009,0
REBOUND,0,2009
REBOUNDED,0,2009
REBOUNDING,0,2009
RECALL,2009,0
RECALLED,2009,0
RECALLING,2009,0
RECALLS,2009,0
RECEPTIVE,0,2009
RECESSION,2009,0
RECESSIONARY,2009,0
RECESSIONS,2009,0
RECKLESS,2009,0
RECKLESSLY,2009,0
RECKLESSNESS,2009,0
REDACT,2009,0
REDACTED,2009,0
REDACTING,2009,0
REDACTION,2009,0
REDACTIONS,2009,0
REDEFAULT,2014,0
REDEFAULTED,2012,0
REDEFAULTS,2014,0
REDRESS,2009,0
REDRESSED,2009,0
REDRESSES,2009,0
REDRESSING,2009,0
REFUSAL,2009,0
REFUSALS,2009,0
REFUSE,2009,0
REFUSED,2009,0
REFUSES,2009,0
REFUSING,2009,0
REGAIN,0,2009
REGAINED,0,2009
REGAINING,0,2009
REJECT,2009,0
REJECTED,2009,0
REJECTING,2009,0
REJECTION,2009,0
REJECTIONS,2009,0
REJECTS,2009,0
RELINQUISH,2009,0
RELINQUISHED,2009,0
RELINQUISHES,2009,0
RELINQUISHING,2009,0
RELINQUISHMENT,2009,0
RELINQUISHMENTS,2009,0
RELUCTANCE,2009,0
RELUCTANT,2009,0
RENEGOTIATE,2009,0
RENEGOTIATED,2009,0
RENEGOTIATES,2009,0
RENEGOTIATING,2009,0
RENEGOTIATION,2009,0
RENEGOTIATIONS,2009,0
RENOUNCE,2009,0
RENOUNCED,2009,0
RENOUNCEMENT,2009,0
RENOUNCEMENTS,2009,0
RENOUNCES,2009,0
RENOUNCING,2009,0
REPARATION,2009,0
REPARATIONS,2009,0
REPOSSESSED,2009,0
REPOSSESSES,2009,0
REPOSSESSING,2009,0
REPOSSESSION,2009,0
REPOSSESSIONS,2009,0
REPUDIATE,2009,0
REPUDIATED,2009,0
REPUDIATES,2009,0
REPUDIATING,2009,0
REPUDIATION,2009,0
REPUDIATIONS,2009,0
RESIGN,2009,0
RESIGNATION,2009,0
RESIGNATIONS,2009,0
RESIGNED,2009,0
RESIGNING,2009,0
RESIGNS,2009,0
RESOLVE,0,2009
RESTATE,2009,0
RESTATED,2009,0
RESTATEMENT,2009,0
RESTATEMENTS,2009,0
RESTATES,2009,0
RESTATING,2009,0
RESTRUCTURE,2009,0
RESTRUCTURED,2009,0
RESTRUCTURES,2009,0
RESTRUCTURING,2009,0
RESTRUCTURINGS,2009,0
RETALIATE,2009,0
RETALIATED,2009,0
RETALIATES,2009,0
RETALIATING,2009,0
RETALIATION,2009,0
RETALIATIONS,2009,0
RETALIATORY,2009,0
RETRIBUTION,2009,0
RETRIBUTIONS,2009,0
REVOCATION,2009,0
REVOCATIONS,2009,0
REVOKE,2009,0
REVOKED,2009,0
REVOKES,2009,0
REVOKING,2009,0
REVOLUTIONIZE,0,2009
REVOLUTIONIZED,0,2009
REVOLUTIONIZES,0,2009
REVOLUTIONIZING,0,2009
REWARD,0,2009
REWARDED,0,2009
REWARDING,0,2009
REWARDS,0,2009
RIDICULE,2009,0
RIDICULED,2009,0
RIDICULES,2009,0
RIDICULING,2009,0
RISKIER,2009,0
RISKIEST,2009,0
RISKY,2009,0
SABOTAGE,2009,0
SACRIFICE,2009,0
SACRIFICED,2009,0
SACRIFICES,2009,0
SACRIFICIAL,2009,0
SACRIFICING,2009,0
SATISFACTION,0,2009
SATISFACTORILY,0,2009
SATISFACTORY,0,2009
SATISFIED,0,2009
SATISFIES,0,2009
SATISFY,0,2009
SATISFYING,0,2009
SCANDALOUS,2009,0
SCANDALS,2009,0
SCRUTINIZE,2009,0
SCRUTINIZED,2009,0
SCRUTINIZES,2009,0
SCRUTINIZING,2009,0
SCRUTINY,2009,0
SECRECY,2009,0
SEIZE,2009,0
SEIZED,2009,0
SEIZES,2009,0
SEIZING,2009,0
SENTENCED,2009,0
SENTENCING,2009,0
SERIOUS,2009,0
SERIOUSLY,2009,0
SERIOUSNESS,2009,0
SETBACK,2009,0
SETBACKS,2009,0
SEVER,2009,0
SEVERE,2009,0
SEVERED,2009,0
SEVERELY,2009,0
SEVERITIES,2009,0
SEVERITY,2009,0
SHARPLY,2009,0
SHOCKED,2009,0
SHORTAGE,2009,0
SHORTAGES,2009,0
SHORTFALL,2009,0
SHORTFALLS,2009,0
SHRINKAGE,2009,0
SHRINKAGES,2009,0
SHUT,2009,0
SHUTDOWN,2009,0
SHUTDOWNS,2009,0
SHUTS,2009,0
SHUTTING,2009,0
SLANDER,2009,0
SLANDERED,2009,0
SLANDEROUS,2009,0
SLANDERS,2009,0
SLIPPAGE,2009,0
SLIPPAGES,2009,0
SLOW,2009,0
SLOWDOWN,2009,0
SLOWDOWNS,2009,0
SLOWED,2009,0
SLOWER,2009,0
SLOWEST,2009,0
SLOWING,2009,0
SLOWLY,2009,0
SLOWNESS,2009,0
SLUGGISH,2009,0
SLUGGISHLY,2009,0
SLUGGISHNESS,2009,0
SMOOTH,0,2009
SMOOTHING,0,2009
SMOOTHLY,0,2009
SMOOTHS,0,2009
SOLVENCIES,2009,0
SOLVENCY,2009,0
SOLVES,0,2009
SOLVING,0,2009
SPAM,2014,0
SPAMMERS,2014,0
SPAMMING,2014,0
SPECTACULAR,0,2009
SPECTACULARLY,0,2009
STABILITY,0,2009
STABILIZATION,0,2009
STABILIZATIONS,0,2009
STABILIZE,0,2009
STABILIZED,0,2009
STABILIZES,0,2009
STABILIZING,0,2009
STABLE,0,2009
STAGGERING,2009,0
STAGNANT,2009,0
STAGNATE,2009,0
STAGNATED,2009,0
STAGNATES,2009,0
STAGNATING,2009,0
STAGNATION,2009,0
STANDSTILL,2009,0
STANDSTILLS,2009,0
NEGATIVE,2009,0
NEGATIVELY,2009,0
NEGATIVES,2009,0
NEGLECT,2009,0
NEGLECTED,2009,0
NEGLECTFUL,2009,0
NEGLECTING,2009,0
NEGLECTS,2009,0
NEGLIGENCE,2009,0
NEGLIGENCES,2009,0
NEGLIGENT,2009,0
NEGLIGENTLY,2009,0
NONATTAINMENT,2009,0
NONCOMPETITIVE,2009,0
NONCOMPLIANCE,2009,0
NONCOMPLIANCES,2009,0
NONCOMPLIANT,2009,0
NONCOMPLYING,2009,0
NONCONFORMING,2009,0
NONCONFORMITIES,2009,0
NONCONFORMITY,2009,0
NONDISCLOSURE,2009,0
NONFUNCTIONAL,2009,0
NONPAYMENT,2009,0
NONPAYMENTS,2009,0
NONPERFORMANCE,2009,0
NONPERFORMANCES,2009,0
NONPERFORMING,2009,0
NONPRODUCING,2009,0
NONPRODUCTIVE,2009,0
NONRECOVERABLE,2009,0
NONRENEWAL,2009,0
NUISANCE,2009,0
NUISANCES,2009,0
NULLIFICATION,2009,0
NULLIFICATIONS,2009,0
NULLIFIED,2009,0
NULLIFIES,2009,0
NULLIFY,2009,0
NULLIFYING,2009,0
OBJECTED,2009,0
OBJECTING,2009,0
OBJECTION,2009,0
OBJECTIONABLE,2009,0
OBJECTIONABLY,2009,0
OBJECTIONS,2009,0
OBSCENE,2009,0
OBSCENITY,2009,0
OBSOLESCENCE,2009,0
OBSOLETE,2009,0
OBSTACLE,2009,0
OBSTACLES,2009,0
OBSTRUCT,2009,0
OBSTRUCTED,2009,0
OBSTRUCTING,2009,0
OBSTRUCTION,2009,0
OBSTRUCTIONS,2009,0
OFFENCE,2009,0
OFFENCES,2009,0
OFFEND,2009,0
OFFENDED,2009,0
OFFENDER,2009,0
OFFENDERS,2009,0
OFFENDING,2009,0
OFFENDS,2009,0
OMISSION,2009,0
OMISSIONS,2009,0
OMIT,2009,0
OMITS,2009,0
OMITTED,2009,0
OMITTING,2009,0
ONEROUS,2009,0
OPPORTUNISTIC,2009,0
OPPORTUNISTICALLY,2009,0
OPPORTUNITIES,0,2009
OPPORTUNITY,0,2009
OPPOSE,2009,0
OPPOSED,2009,0
OPPOSES,2009,0
OPPOSING,2009,0
OPPOSITION,2009,0
OPPOSITIONS,2009,0
OPTIMISTIC,0,2009
OUTAGE,2009,0
OUTAGES,2009,0
OUTDATED,2009,0
OUTMODED,2009,0
OUTPERFORM,0,2009
OUTPERFORMED,0,2009
OUTPERFORMING,0,2009
OUTPERFORMS,0,2009
OVERAGE,2009,0
OVERAGES,2009,0
OVERBUILD,2009,0
OVERBUILDING,2009,0
OVERBUILDS,2009,0
OVERBUILT,2009,0
OVERBURDEN,2009,0
OVERBURDENED,2009,0
OVERBURDENING,2009,0
OVERCAPACITIES,2009,0
OVERCAPACITY,2009,0
OVERCHARGE,2009,0
OVERCHARGED,2009,0
OVERCHARGES,2009,0
OVERCHARGING,2009,0
OVERCOME,2009,0
OVERCOMES,2009,0
OVERCOMING,2009,0
OVERDUE,2009,0
OVERESTIMATE,2009,0
OVERESTIMATED,2009,0
OVERESTIMATES,2009,0
OVERESTIMATING,2009,0
OVERESTIMATION,2009,0
OVERESTIMATIONS,2009,0
OVERLOAD,2009,0
OVERLOADED,2009,0
OVERLOADING,2009,0
OVERLOADS,2009,0
OVERLOOK,2009,0
OVERLOOKED,2009,0
OVERLOOKING,2009,0
OVERLOOKS,2009,0
OVERPAID,2009,0
OVERPAYMENT,2009,0
OVERPAYMENTS,2009,0
OVERPRODUCED,2009,0
OVERPRODUCES,2009,0
OVERPRODUCING,2009,0
OVERPRODUCTION,2009,0
OVERRUN,2009,0
OVERRUNNING,2009,0
OVERRUNS,2009,0
OVERSHADOW,2009,0
OVERSHADOWED,2009,0
OVERSHADOWING,2009,0
OVERSHADOWS,2009,0
OVERSTATE,2009,0
OVERSTATED,2009,0
OVERSTATEMENT,2009,0
OVERSTATEMENTS,2009,0
OVERSTATES,2009,0
OVERSTATING,2009,0
OVERSUPPLIED,2009,0
OVERSUPPLIES,2009,0
OVERSUPPLY,2009,0
OVERSUPPLYING,2009,0
OVERTLY,2009,0
OVERTURN,2009,0
OVERTURNED,2009,0
OVERTURNING,2009,0
OVERTURNS,2009,0
OVERVALUE,2009,0
OVERVALUED,2009,0
OVERVALUING,2009,0
PANIC,2009,0
PANICS,2009,0
PENALIZE,2009,0
PENALIZED,2009,0
PENALIZES,2009,0
PENALIZING,2009,0
PENALTIES,2009,0
PENALTY,2009,0
PERFECT,0,2009
PERFECTED,0,2009
PERFECTLY,0,2009
PERFECTS,0,2009
PERIL,2009,0
PERILS,2009,0
PERJURY,2009,0
PERPETRATE,2009,0
PERPETRATED,2009,0
PERPETRATES,2009,0
PERPETRATING,2009,0
PERPETRATION,2009,0
PERSIST,2009,0
PERSISTED,2009,0
PERSISTENCE,2009,0
PERSISTENT,2009,0
PERSISTENTLY,2009,0
PERSISTING,2009,0
PERSISTS,2009,0
PERVASIVE,2009,0
PERVASIVELY,2009,0
PERVASIVENESS,2009,0
PETTY,2009,0
PICKET,2009,0
PICKETED,2009,0
PICKETING,2009,0
PLAINTIFF,2009,0
PLAINTIFFS,2009,0
PLEA,2009,0
PLEAD,2009,0
PLEADED,2009,0
PLEADING,2009,0
PLEADINGS,2009,0
PLEADS,2009,0
PLEAS,2009,0
PLEASANT,0,2009
PLEASANTLY,0,2009
PLEASED,0,2009
PLEASURE,0,2009
PLED,2009,0
PLENTIFUL,0,2009
